2026 Rank,Name,Country/Territory,Source,Cambridge
1,Massachusetts Institute of Technology (MIT),United States,QS ranking website,Stanford
2,Imperial College London,United Kingdom,QS ranking website,Cambridge
3,Stanford University,United States,QS ranking website,Pasadena
4,University of Oxford,United Kingdom,QS ranking website,Chicago
5,Harvard University,United States,QS ranking website,Philadelphia
6,University of Cambridge,United Kingdom,QS ranking website,Ithaca
8,National University of Singapore (NUS),Singapore,QS ranking website,Berkeley
9,UCL (University College London),United Kingdom,QS ranking website,New Haven
10,California Institute of Technology (Caltech),United States,QS ranking website,Baltimore
11,The University of Hong Kong,"Hong Kong SAR, China",QS ranking website,Princeton
12,"Nanyang Technological University, Singapore (NTU Singapore)",Singapore,QS ranking website,New York City
13,University of Chicago,United States,QS ranking website,Evanston
14,Peking University,China (Mainland),QS ranking website,Ann Arbor
15,University of Pennsylvania,United States,QS ranking website,Los Angeles
16,Cornell University,United States,QS ranking website,Pittsburgh
17,Tsinghua University,China (Mainland),QS ranking website,New York City
17,"University of California, Berkeley (UCB)",United States,QS ranking website,Durham
19,The University of Melbourne,Australia,QS ranking website,San Diego
20,The University of New South Wales,Australia,QS ranking website,Austin
21,Yale University,United States,QS ranking website,Providence
24,Johns Hopkins University,United States,QS ranking website,Champaign
25,Princeton University,United States,QS ranking website,Seattle
25,The University of Sydney,Australia,QS ranking website,University Park
27,McGill University,Canada,QS ranking website,Boston
29,University of Toronto,Canada,QS ranking website,"West Lafayette,"
30,Fudan University,China (Mainland),QS ranking website,Madison
31,King's College London (KCL),United Kingdom,QS ranking website,Davis
32,Australian National University,Australia,QS ranking website,Houston
32,The Chinese University of Hong Kong,"Hong Kong SAR, China",QS ranking website,Atlanta
34,University of Edinburgh,United Kingdom,QS ranking website,Chapel Hill
35,The University of Manchester,United Kingdom,QS ranking website,College Station
36,Monash University,Australia,QS ranking website,Los Angeles
38,Columbia University,United States,QS ranking website,East Lansing
40,University of British Columbia,Canada,QS ranking website,St. Louis
42,Northwestern University,United States,QS ranking website,Tempe
42,The University of Queensland,Australia,QS ranking website,Santa Barbara
44,The Hong Kong University of Science and Technology,"Hong Kong SAR, China",QS ranking website,Atlanta
45,University of Michigan-Ann Arbor,United States,QS ranking website,Columbus
46,"University of California, Los Angeles (UCLA)",United States,QS ranking website,College Park
47,Shanghai Jiao Tong University,China (Mainland),QS ranking website,Minneapolis
49,Zhejiang University,China (Mainland),QS ranking website,Gainesville
51,University of Bristol,United Kingdom,QS ranking website,Rochester
52,Carnegie Mellon University,United States,QS ranking website,Hanover
54,The Hong Kong Polytechnic University,"Hong Kong SAR, China",QS ranking website,Amherst
55,New York University (NYU),United States,QS ranking website,Nashville
56,London School of Economics and Political Science (LSE),United Kingdom,QS ranking website,Raleigh
62,Duke University,United States,QS ranking website,Charlottesville
63,City University of Hong Kong,"Hong Kong SAR, China",QS ranking website,Pittsburgh
66,"University of California, San Diego (UCSD)",United States,QS ranking website,Washington D.C.
68,University of Texas at Austin,United States,QS ranking website,Tucson
69,Brown University,United States,QS ranking website,Irvine
70,University of Illinois at Urbana-Champaign,United States,QS ranking website,Cleveland
74,The University of Warwick,United Kingdom,QS ranking website,Notre Dame
76,University of Birmingham,United Kingdom,QS ranking website,Boulder
77,The University of Western Australia,Australia,QS ranking website,Bloomington
79,University of Glasgow,United Kingdom,QS ranking website,Miami
81,University of Washington,United States,QS ranking website,New Brunswick
82,Adelaide University,Australia,QS ranking website,Medford
82,Pennsylvania State University,United States,QS ranking website,Chicago
86,University of Leeds,United Kingdom,QS ranking website,Washington D.C.
87,University of Southampton,United Kingdom,QS ranking website,Blacksburg
88,Boston University,United States,QS ranking website,Boston
88,Purdue University,United States,QS ranking website,Buffalo
92,The University of Sheffield,United Kingdom,QS ranking website,Pullman
94,Durham University,United Kingdom,QS ranking website,Riverside
94,University of Alberta,Canada,QS ranking website,Ames
96,University of Technology Sydney,Australia,QS ranking website,Stony Brook
97,The University of Nottingham,United Kingdom,QS ranking website,Fort Collins
103,Nanjing University,China (Mainland),QS ranking website,Santa Cruz
110,Queen Mary University of London (QMUL),United Kingdom,QS ranking website,Lawrence
110,University of Wisconsin-Madison,United States,QS ranking website,Athens
113,University of St Andrews,United Kingdom,QS ranking website,Chestnut
114,"University of California, Davis",United States,QS ranking website,Iowa City
119,Rice University,United States,QS ranking website,Storrs
119,University of Waterloo,Canada,QS ranking website,Salt Lake City
123,Georgia Institute of Technology,United States,QS ranking website,Honolulu
125,RMIT University,Australia,QS ranking website,Tallahassee
132,University of Bath,United Kingdom,QS ranking website,Newark
132,University of Science and Technology of China,China (Mainland),QS ranking website,Houston
137,Newcastle University,United Kingdom,QS ranking website,Golden
138,Macquarie University,Australia,QS ranking website,Miami
140,"University of North Carolina, Chapel Hill",United States,QS ranking website,Washington D.C.
144,Texas A&M University,United States,QS ranking website,Chicago
146,University of Southern California,United States,QS ranking website,New Orleans
147,University of Liverpool,United Kingdom,QS ranking website,Richardson
151,Western University,Canada,QS ranking website,Knoxville
155,University of Exeter,United Kingdom,QS ranking website,New York City
157,Lancaster University,United Kingdom,QS ranking website,Corvallis
161,Michigan State University,United States,QS ranking website,New York City
167,Washington University in St. Louis,United States,QS ranking website,Rolla
168,University of Montreal,Canada,QS ranking website,Columbia
169,University of York,United Kingdom,QS ranking website,Tampa
173,Arizona State University,United States,QS ranking website,Norman
173,McMaster University,Canada,QS ranking website,Bethlehem
177,Tongji University,China (Mainland),QS ranking website,Hoboken
179,"University of California, Santa Barbara (UCSB)",United States,QS ranking website,Troy
181,Cardiff University,United Kingdom,QS ranking website,Columbia
182,Emory University,United States,QS ranking website,Orlando
183,Curtin University,Australia,QS ranking website,Philadelphia
184,University of Wollongong,Australia,QS ranking website,Lincoln
186,Wuhan University,China (Mainland),QS ranking website,Philadelphia
190,Ohio State University,United States,QS ranking website,Cincinnati
191,"Queen's University, Ontario",Canada,QS ranking website,Lubbock
194,University of Reading,United Kingdom,QS ranking website,Waltham
199,Queen's University Belfast,United Kingdom,QS ranking website,Syracuse
207,Deakin University,Australia,QS ranking website,Albuquerque
207,"University of Maryland, College Park",United States,QS ranking website,Eugene
210,University of Minnesota (System),United States,QS ranking website,Newark
211,University of Calgary,Canada,QS ranking website,Newark
212,University of Florida,United States,QS ranking website,Atlanta
219,University of Ottawa,Canada,QS ranking website,Lexington
225,Loughborough University,United Kingdom,QS ranking website,Detroit
226,Queensland University of Technology,Australia,QS ranking website,Winston-Salem
227,The University of Newcastle,Australia,QS ranking website,New York
233,La Trobe University,Australia,QS ranking website,Baltimore
236,University of Rochester,United States,QS ranking website,Baltimore
244,Hong Kong Baptist University,"Hong Kong SAR, China",QS ranking website,Auburn
247,Beijing Normal University,China (Mainland),QS ranking website,Baton Rouge
247,Dartmouth College,United States,QS ranking website,Stillwater
247,"University of Massachusetts, Amherst",United States,QS ranking website,Denver
250,Vanderbilt University,United States,QS ranking website,Worcester
251,University of Strathclyde,United Kingdom,QS ranking website,Manhattan
256,Harbin Institute of Technology,China (Mainland),QS ranking website,Houghton
257,Tianjin University,China (Mainland),QS ranking website,Albany
259,Beijing Institute of Technology,China (Mainland),QS ranking website,Tuscaloosa
262,University of Aberdeen,United Kingdom,QS ranking website,Fairbanks
262,University of Surrey,United Kingdom,QS ranking website,Denton
268,Griffith University,Australia,QS ranking website,Richmond
272,North Carolina State University,United States,QS ranking website,Potsdam
275,University of Virginia,United States,QS ranking website,Clemson
276,Sun Yat-sen University,China (Mainland),QS ranking website,Fairfax
278,University of Sussex,United Kingdom,QS ranking website,Rochester
281,University of Pittsburgh,United States,QS ranking website,St. Louis
283,Dalhousie University,Canada,QS ranking website,Boston
285,Georgetown University,United States,QS ranking website,Waco
285,University of Macau,"Macau SAR, China",QS ranking website,Binghamton
287,Heriot-Watt University,United Kingdom,QS ranking website,Provo
287,University of Arizona,United States,QS ranking website,Worcester
292,Swansea University,United Kingdom,QS ranking website,Boca Raton
293,"University of California, Irvine",United States,QS ranking website,New York City
294,Case Western Reserve University,United States,QS ranking website,Washington D.C.
294,Swinburne University of Technology,Australia,QS ranking website,Indianapolis
294,University of Notre Dame,United States,QS ranking website,Kent
299,University of Colorado Boulder,United States,QS ranking website,Chicago
305,Xi'an Jiaotong University,China (Mainland),QS ranking website,Starkville
306,Indiana University Bloomington,United States,QS ranking website,Flagstaff
308,Simon Fraser University,Canada,QS ranking website,Athens
310,"City St George’s, University of London",United Kingdom,QS ranking website,San Diego
314,University of Miami,United States,QS ranking website,Dallas
314,University of Tasmania,Australia,QS ranking website,New York City
319,Huazhong University of Science and Technology,China (Mainland),QS ranking website,Worcester
324,Sichuan University,China (Mainland),QS ranking website,Fayetteville
326,University of Leicester,United Kingdom,QS ranking website,Denver
328,Rutgers University – New Brunswick,United States,QS ranking website,Moscow
333,York University,Canada,QS ranking website,Louisville
334,Tufts University,United States,QS ranking website,Oxford
334,University of Illinois Chicago (UIC),United States,QS ranking website,Kansas City
339,Shandong University,China (Mainland),QS ranking website,Reno
341,Xiamen University,China (Mainland),QS ranking website,Durham
343,Southern University of Science and Technology (SUSTech),China (Mainland),QS ranking website,Charlotte
355,Nankai University,China (Mainland),QS ranking website,Kingston
358,George Washington University,United States,QS ranking website,Arlington
358,University of Victoria,Canada,QS ranking website,San Antonio
358,Virginia Polytechnic Institute (Virginia Tech),United States,QS ranking website,Toledo
362,University of Chinese Academy of Sciences (UCAS),China (Mainland),QS ranking website,Tulsa
374,Oxford Brookes University,United Kingdom,QS ranking website,Burlington
377,South China University of Technology,China (Mainland),QS ranking website,Laramie
378,University of Saskatchewan,Canada,QS ranking website,Logan
381,University of East Anglia (UEA),United Kingdom,QS ranking website,Morgantown
384,Northeastern University,United States,QS ranking website,Williamsburg
385,Brunel University of London,United Kingdom,QS ranking website,San Luis Obispo
387,Flinders University,Australia,QS ranking website,Milwaukee
388,Beihang University (former BUAA),China (Mainland),QS ranking website,Miami
388,"Birkbeck College, University of London",United Kingdom,QS ranking website,Las Cruces
392,"Southeast University, China",China (Mainland),QS ranking website,Portland
395,Aston University,United Kingdom,QS ranking website,New York City
397,University of Kent,United Kingdom,QS ranking website,Seattle
400,Western Sydney University,Australia,QS ranking website,Memphis
410,University at Buffalo SUNY,United States,QS ranking website,Greensboro
410,University of Southern Queensland,Australia,QS ranking website,San Diego
423,Murdoch University,Australia,QS ranking website,San Francisco
423,Washington State University,United States,QS ranking website,Mobile
428,University of Dundee,United Kingdom,QS ranking website,El Paso
433,East China Normal University,China (Mainland),QS ranking website,Milwaukee
440,James Cook University,Australia,QS ranking website,Kalamazoo
440,Macau University of Science and Technology,"Macau SAR, China",QS ranking website,Mount Pleasant
440,"University of California, Riverside",United States,QS ranking website,Cleveland
449,Iowa State University,United States,QS ranking website,San Francisco
452,Shenzhen University,China (Mainland),QS ranking website,Hilo
452,Stony Brook University,United States,QS ranking website,St. Louis
456,University of Essex,United Kingdom,QS ranking website,Stockton
458,Colorado State University,United States,QS ranking website,Stanford(CA)
458,"University of California, Santa Cruz",United States,QS ranking website,Ann Arbor (MI)
461,Royal Holloway University of London,United Kingdom,QS ranking website,Cambridge
465,Concordia University,Canada,QS ranking website,Philadelphia (PA)
465,Shanghai University,China (Mainland),QS ranking website,Los Angeles (CA)
465,University of Kansas,United States,QS ranking website,Cambridge (MA)
469,Laval University,Canada,QS ranking website,Los Angeles (CA)
473,Jilin University,China (Mainland),QS ranking website,New York (NY)
480,University of Science and Technology Beijing,China (Mainland),QS ranking website,Evanston (IL)
482,Dalian University of Technology,China (Mainland),QS ranking website,Berkeley (CA)
487,Edith Cowan University,Australia,QS ranking website,New Haven (CT)
491,Central South University,China (Mainland),QS ranking website,Durham (NC)
494,University of Canberra,Australia,QS ranking website,Chicago (IL)
499,Central Queensland University Australia (CQUniversity),Australia,QS ranking website,Seattle (WA)
499,Northwestern Polytechnical University,China (Mainland),QS ranking website,New York (NY)
504,China Agricultural University,China (Mainland),QS ranking website,Pittsburgh (PA)
504,Chongqing University,China (Mainland),QS ranking website,Austin (TX)
504,Hunan University,China (Mainland),QS ranking website,Ithaca (NY)
504,University of Guelph,Canada,QS ranking website,West Lafayette
511,Singapore Management University,Singapore,QS ranking website,Boston (MA)
511,SOAS University of London,United Kingdom,QS ranking website,Minneapolis (MN)
511,University of Bradford,United Kingdom,QS ranking website,Bloomington (IN)
517,University of Stirling,United Kingdom,QS ranking website,Madison (WI)
519,Singapore University of Technology and Design,Singapore,QS ranking website,Atlanta (GA)
519,University of Electronic Science and Technology of China,China (Mainland),QS ranking website,"Washington, D.C"
524,University of Huddersfield,United Kingdom,QS ranking website,Hanover (NH
525,The University of Georgia,United States,QS ranking website,Atlanta (GA)
526,Boston College,United States,QS ranking website,Gainesville (FL)
526,University of Hull,United Kingdom,QS ranking website,Wellesley (MA)
530,The Education University of Hong Kong,"Hong Kong SAR, China",QS ranking website,Charlottesville (VA)
530,University of Iowa,United States,QS ranking website,Tempe (AZ)
534,University of Connecticut,United States,QS ranking website,"College Station (TX),"
540,Jinan University (China),China (Mainland),QS ranking website,College Park (MD)
540,University of Utah,United States,QS ranking website,East Lansing (MI)
546,University of Hawaii at Mañoa,United States,QS ranking website,Boston (MA)
546,University of Windsor,Canada,QS ranking website,Baltimore
549,Florida State University,United States,QS ranking website,University Park
550,Northumbria University at Newcastle,United Kingdom,QS ranking website,Richardson
553,University of Delaware,United States,QS ranking website,Boulder
556,University of Houston,United States,QS ranking website,Athens
558,Coventry University,United Kingdom,QS ranking website,Houston (TX)
566,Bangor University,United Kingdom,QS ranking website,Chapel Hill (NC)
566,Renmin (People’s) University of China,China (Mainland),QS ranking website,San Diego
571,Colorado School of Mines,United States,QS ranking website,Rochester
582,Florida International University,United States,QS ranking website,Davis
584,Charles Darwin University,Australia,QS ranking website,Miami
587,American University,United States,QS ranking website,Columbus
591,Bond University,Australia,QS ranking website,New York City
591,Illinois Institute of Technology,United States,QS ranking website,"Washington, D.C."
597,Tulane University,United States,QS ranking website,Nashville
597,University of Texas at Dallas,United States,QS ranking website,San Diego
607,University of Tennessee,United States,QS ranking website,Tuscaloosa
609,Nottingham Trent University,United Kingdom,QS ranking website,Troy
609,University of Ulster,United Kingdom,QS ranking website,Coral Gables
613,City University of New York,United States,QS ranking website,Champaign
613,University of Plymouth,United Kingdom,QS ranking website,St. Louis
618,Zhengzhou University,China (Mainland),QS ranking website,"Washington, D.C."
622,University of New Brunswick,Canada,QS ranking website,Chestnut Hill
624,Oregon State University,United States,QS ranking website,Notre Dame (IN)
624,Yeshiva University,United States,QS ranking website,Raleigh (NC)
628,Missouri University of Science and Technology,United States,QS ranking website,Tucson (AZ)
628,University of South Carolina,United States,QS ranking website,Pittsburg (PA)
635,University of Portsmouth,United Kingdom,QS ranking website,Newark
638,Southern Cross University,Australia,QS ranking website,Irvine (CA)
643,Manchester Metropolitan University,United Kingdom,QS ranking website,Auburn (AL)
643,University of Manitoba,Canada,QS ranking website,Waco (TX)
654,China University of Mining and Technology,China (Mainland),QS ranking website,Provo (UT)
654,University of South Florida,United States,QS ranking website,Fort Collins (CO)
660,"Kingston University, London",United Kingdom,QS ranking website,New York (NY)
660,Memorial University of Newfoundland,Canada,QS ranking website,Columbia (MO)
664,University of Oklahoma,United States,QS ranking website,Eugene (OR)
668,Lehigh University,United States,QS ranking website,San Francisco (CA)
673,East China University of Science and Technology,China (Mainland),QS ranking website,Dallas (TX
673,Stevens Institute of Technology,United States,QS ranking website,Tampa (FL)
680,Nanjing University of Aeronautics and Astronautics,China (Mainland),QS ranking website,Buffalo (NY)
686,China University of Petroleum,China (Mainland),QS ranking website,Waltham (MA)
695,Rensselaer Polytechnic Institute,United States,QS ranking website,Cleveland (OH)
697,Beijing University of Chemical Technology,China (Mainland),QS ranking website,Cincinnati (OH)
697,"University of Missouri, Columbia",United States,QS ranking website,Mansfield (CT)
701-710,"Lingnan University, Hong Kong","Hong Kong SAR, China",QS ranking website,Denver (CO)
701-710,Nanjing University of Science and Technology,China (Mainland),QS ranking website,Philadelphia
701-710,University of Central Florida,United States,QS ranking website,Houston
711-720,Drexel University,United States,QS ranking website,Malibu
711-720,"Goldsmiths, University of London",United Kingdom,QS ranking website,Columbia
711-720,Toronto Metropolitan University (formerly Ryerson University),Canada,QS ranking website,Syracuse
711-720,University of Nebraska - Lincoln,United States,QS ranking website,Fort Worth
721-730,Temple University,United States,QS ranking website,Riverside
721-730,University of Cincinnati,United States,QS ranking website,Salt Lake City
721-730,UWE Bristol (University of the West of England),United Kingdom,QS ranking website,Salem
731-740,Texas Tech University,United States,QS ranking website,Seattle
741-750,Aberystwyth University,United Kingdom,QS ranking website,Fayetteville
741-750,Brandeis University,United States,QS ranking website,New York City
741-750,Syracuse University,United States,QS ranking website,Waltham
741-750,Victoria University,Australia,QS ranking website,Long Beach
751-760,University of New Mexico,United States,QS ranking website,Orange
751-760,University of Oregon,United States,QS ranking website,Claremont
761-770,New Jersey Institute of Technology (NJIT),United States,QS ranking website,Worcester
771-780,Rutgers University - Newark,United States,QS ranking website,Clemson
781-790,Carleton University,Canada,QS ranking website,River Forest
781-790,Georgia State University,United States,QS ranking website,Philadelphia
781-790,Hong Kong Metropolitan University,"Hong Kong SAR, China",QS ranking website,Fairfield
781-790,University of Kentucky,United States,QS ranking website,Hempstead
781-790,Wayne State University,United States,QS ranking website,Ames
791-800,Beijing University of Technology,China (Mainland),QS ranking website,Kent
791-800,Lanzhou University,China (Mainland),QS ranking website,Lexington
791-800,Wake Forest University,United States,QS ranking website,Baton Rouge
801-850,Bournemouth University,United Kingdom,QS ranking website,Greensboro
801-850,De Montfort University,United Kingdom,QS ranking website,Corvallis
801-850,Donghua University,China (Mainland),QS ranking website,Rochester
801-850,Keele University,United Kingdom,QS ranking website,Glassboro
801-850,Middlesex University,United Kingdom,QS ranking website,St. Louis
801-850,Northwest Agriculture and Forestry University,China (Mainland),QS ranking website,Vermillion
801-850,Ocean University of China,China (Mainland),QS ranking website,Boston
801-850,Soochow University,China (Mainland),QS ranking website,Lubbock
801-850,"The New School, New York City and Paris",United States,QS ranking website,Albany
801-850,University of Brighton,United Kingdom,QS ranking website,Dartmouth
801-850,University of Greenwich,United Kingdom,QS ranking website,Tampa
801-850,University of Lincoln,United Kingdom,QS ranking website,Knoxville
801-850,"University of Maryland, Baltimore",United States,QS ranking website,Williamsburg
801-850,"University of Maryland, Baltimore County",United States,QS ranking website,Worcester
801-850,University of Westminster,United Kingdom,QS ranking website,Phoenix
851-900,Auburn University,United States,QS ranking website,Atlanta
851-900,Australian Catholic University,Australia,QS ranking website,Arlington
851-900,Beijing Jiaotong University,China (Mainland),QS ranking website,Chicago
851-900,China University of Geosciences,China (Mainland),QS ranking website,Chicago
851-900,Edinburgh Napier University,United Kingdom,QS ranking website,Iowa City
851-900,Jiangnan University,China (Mainland),QS ranking website,Chicago
851-900,Liverpool John Moores University,United Kingdom,QS ranking website,Tulsa
851-900,Louisiana State University,United States,QS ranking website,Boston
851-900,Oklahoma State University,United States,QS ranking website,Canyon
851-900,Université du Québec,Canada,QS ranking website,New Brunswick
851-900,"University of Colorado, Denver",United States,QS ranking website,San Luis Obispo
851-900,Worcester Polytechnic Institute,United States,QS ranking website,Boston
901-950,Huazhong Agricultural University,China (Mainland),QS ranking website,Norman
901-950,Kansas State University,United States,QS ranking website,Louisville
901-950,London South Bank University,United Kingdom,QS ranking website,New York City
901-950,Macao Polytechnic University,"Macau SAR, China",QS ranking website,New Brunswick
901-950,Michigan Technological University,United States,QS ranking website,Providence
901-950,Université de Sherbrooke,Canada,QS ranking website,Las Vegas
901-950,University at Albany SUNY,United States,QS ranking website,New York City
901-950,University of Alabama,United States,QS ranking website,San Francisco
901-950,University of Alaska Fairbanks,United States,QS ranking website,New York City
901-950,University of Hertfordshire,United Kingdom,QS ranking website,Philadelphia
901-950,University of North Texas,United States,QS ranking website,Chicago
901-950,University of Salford,United Kingdom,QS ranking website,Savannah
901-950,Virginia Commonwealth University,United States,QS ranking website,Columbus
951-1000,Charles Sturt University,Australia,QS ranking website,Amherst
951-1000,Clarkson University,United States,QS ranking website,Ithaca
951-1000,Clemson University,United States,QS ranking website,Tucson
951-1000,George Mason University,United States,QS ranking website,New York City
951-1000,Nanjing Agricultural University,China (Mainland),QS ranking website,Minneapolis
951-1000,Nanjing Normal University,China (Mainland),QS ranking website,Valencia
951-1000,Rochester Institute of Technology (RIT),United States,QS ranking website,Knoxville
951-1000,Saint Louis University,United States,QS ranking website,Dallas
951-1000,The Robert Gordon University,United Kingdom,QS ranking website,Houston
951-1000,University of Massachusetts - Boston,United States,QS ranking website,Blacksburg
951-1000,Wuhan University of Technology,China (Mainland),QS ranking website,La Jolla
1001-1200,Baylor University,United States,QS ranking website,Portland
1001-1200,Beijing University of Posts and Telecommunications,China (Mainland),QS ranking website,Honolulu
1001-1200,Binghamton University SUNY,United States,QS ranking website,Stony Brook
1001-1200,Birmingham City University,United Kingdom,QS ranking website,Pasadena
1001-1200,Brigham Young University,United States,QS ranking website,San Francisco
1001-1200,Clark University,United States,QS ranking website,Bloomfield Hills
1001-1200,Florida Atlantic University - Boca Raton,United States,QS ranking website,Baltimore
1001-1200,Fordham University,United States,QS ranking website,Los Angeles
1001-1200,Glasgow Caledonian University,United Kingdom,QS ranking website,New York City
1001-1200,Harbin Engineering University,China (Mainland),QS ranking website,Amherst
1001-1200,Hohai University,China (Mainland),QS ranking website,Williamstown
1001-1200,Howard University,United States,QS ranking website,Purchase
1001-1200,IU Indianapolis,United States,QS ranking website,Newark
1001-1200,Kent State University,United States,QS ranking website,"Washington, D.C."
1001-1200,Leeds Beckett University,United Kingdom,QS ranking website,New York City
1001-1200,London Metropolitan University,United Kingdom,QS ranking website,Santa Clara
1001-1200,Loyola University Chicago,United States,QS ranking website,Richardson
1001-1200,Mississippi State University,United States,QS ranking website,Williamsburg
1001-1200,Northern Arizona University,United States,QS ranking website,Tuscaloosa
1001-1200,Northwest University (China),China (Mainland),QS ranking website,Boston
1001-1200,Ohio University,United States,QS ranking website,Akron
1001-1200,San Diego State University,United States,QS ranking website,Socorro
1001-1200,Sheffield Hallam University,United Kingdom,QS ranking website,Houston
1001-1200,Southern Methodist University,United States,QS ranking website,New York City
1001-1200,Southwest University,China (Mainland),QS ranking website,Houston
1001-1200,The City College of New York,United States,QS ranking website,New York City
1001-1200,"University of Alabama, Birmingham",United States,QS ranking website,Rochester
1001-1200,University of Arkansas Fayetteville,United States,QS ranking website,Worcester
1001-1200,University of Central Lancashire,United Kingdom,QS ranking website,Milwaukee
1001-1200,University of Denver,United States,QS ranking website,Indianapolis
1001-1200,University of East London,United Kingdom,QS ranking website,Philadelphia
1001-1200,University of Idaho,United States,QS ranking website,St. Louis
1001-1200,University of Louisville,United States,QS ranking website,Orono
1001-1200,University of Mississippi,United States,QS ranking website,Bozeman
1001-1200,"University of Missouri, Kansas City",United States,QS ranking website,Syracuse
1001-1200,University of Nevada - Reno,United States,QS ranking website,Chicago
1001-1200,University of New England,Australia,QS ranking website,Hempstead
1001-1200,University of New Hampshire,United States,QS ranking website,Greenville
1001-1200,University of North Carolina at Charlotte,United States,QS ranking website,New York City
1001-1200,University of Regina,Canada,QS ranking website,Chicago
1001-1200,University of Rhode Island,United States,QS ranking website,University Park
1001-1200,University of Texas Arlington,United States,QS ranking website,Boston
1001-1200,University of Texas at San Antonio,United States,QS ranking website,Providence
1001-1200,University of Toledo,United States,QS ranking website,Atlanta
1001-1200,University of Tulsa,United States,QS ranking website,Boston
1001-1200,University of Vermont,United States,QS ranking website,Burlington
1001-1200,University of Wolverhampton,United Kingdom,QS ranking website,Telford
1001-1200,University of Wyoming,United States,QS ranking website,Laramie
1001-1200,Utah State University,United States,QS ranking website,Logan
1001-1200,West Virginia University,United States,QS ranking website,Morgantown
1001-1200,William & Mary,United States,QS ranking website,Williamsburg
1001-1200,Xi'an Jiaotong-Liverpool University,China (Mainland),QS ranking website,Xi'an
1201-1400,Beijing Foreign Studies University,China (Mainland),QS ranking website,Beijing
1201-1400,Beijing University of Chinese Medicine,China (Mainland),QS ranking website,Beijing
1201-1400,Brock University,Canada,QS ranking website,St. Catharines
1201-1400,California Polytechnic State University,United States,QS ranking website,San Luis Obispo
1201-1400,Canterbury Christ Church University,United Kingdom,QS ranking website,Canterbury
1201-1400,China University of Political Science and Law,China (Mainland),QS ranking website,Beijing
1201-1400,Marquette University,United States,QS ranking website,Milwaukee
1201-1400,Miami University,United States,QS ranking website,Miami
1201-1400,New Mexico State University,United States,QS ranking website,Las Cruces
1201-1400,Portland State University,United States,QS ranking website,Portland
1201-1400,Pratt Institute,United States,QS ranking website,New York City
1201-1400,"Queen Margaret University , Edinburgh",United Kingdom,QS ranking website,Musselburgh
1201-1400,Seattle University,United States,QS ranking website,Seattle
1201-1400,Shanghai International Studies University,China (Mainland),QS ranking website,Shanghai
1201-1400,Shanghai University of Finance and Economics,China (Mainland),QS ranking website,Shanghai
1201-1400,The University of Northampton,United Kingdom,QS ranking website,Northampton
1201-1400,"The University of Notre Dame, Australia",Australia,QS ranking website,Chippendale
1201-1400,University of Derby,United Kingdom,QS ranking website,Derby
1201-1400,University of International Business and Economics,China (Mainland),QS ranking website,Beijing
1201-1400,University of Memphis,United States,QS ranking website,Memphis
1201-1400,University of North Carolina at Greensboro,United States,QS ranking website,Greensboro
1201-1400,University of San Diego,United States,QS ranking website,San Diego
1201-1400,University of San Francisco,United States,QS ranking website,San Francisco
1201-1400,University of South Alabama (USA),United States,QS ranking website,Mobile
1201-1400,University of Texas El Paso,United States,QS ranking website,El Paso
1201-1400,University of Wisconsin Milwaukee,United States,QS ranking website,Milwaukee
1201-1400,Western Michigan University,United States,QS ranking website,Kalamazoo
1401+,Central Michigan University,United States,QS ranking website,Mount Pleasant
1401+,Cleveland State University,United States,QS ranking website,Cleveland
1401+,Harper Adams University,United Kingdom,QS ranking website,Newport
1401+,San Francisco State University,United States,QS ranking website,San Francisco
1401+,Shanghai Normal University,China (Mainland),QS ranking website,Shanghai
1401+,University of Hawaii at Hilo,United States,QS ranking website,Hilo
1401+,University of Missouri Saint Louis,United States,QS ranking website,St. Louis
1401+,University of the Pacific,United States,QS ranking website,Stockton
NA,Stanford Graduate School of Business,United States,2025 Global MBA & Business Masters.xlsx - MBA Global,Stanford(CA)
NA,Michigan (Ross),United States,2025 Global MBA & Business Masters.xlsx - MS_SChainManagement,Ann Arbor (MI)
NA,NUS Business School - National University of Singapore (NUS),Singapore,2025 Global MBA & Business Masters.xlsx - MBA Asia,Singapore
NA,London Business School,United Kingdom,2025 Global MBA & Business Masters.xlsx - MBA Europe,London
NA,Melbourne Business School,Australia,2025 Global MBA & Business Masters.xlsx - MBA Oceania,Melbourne
NA,Toronto (Rotman),Canada,2025 Global MBA & Business Masters.xlsx - MBA Canada,Toronto
NA,Oxford (Said),United Kingdom,2025 Global MBA & Business Masters.xlsx - MS_Finance,Oxford
NA,MIT (Sloan),United States,2025 Global MBA & Business Masters.xlsx - MS_BsAnalytics,Cambridge
NA,Penn (Wharton),United States,2025 Global MBA & Business Masters.xlsx - MBA United States,Philadelphia (PA)
NA,McGill (Desautels),Canada,2025 Global MBA & Business Masters.xlsx - MBA Canada,Montreal
NA,UCLA (Anderson),United States,2025 Global MBA & Business Masters.xlsx - MS_BsAnalytics,Los Angeles (CA)
NA,UNSW (AGSM),Australia,2025 Global MBA & Business Masters.xlsx - MBA Oceania,Sydney
NA,Cambridge (Judge),United Kingdom,2025 Global MBA & Business Masters.xlsx - MBA Europe,Cambridge
NA,Harvard Business School,United States,2025 Global MBA & Business Masters.xlsx - MBA United States,Cambridge (MA)
NA,Western (Ivey),Canada,2025 Global MBA & Business Masters.xlsx - MBA Canada,London (ON)
NA,"Nanyang Business School, Singapore",Singapore,2025 Global MBA & Business Masters.xlsx - MBA Asia,Singapore
NA,University of Sydney Business School,Australia,2025 Global MBA & Business Masters.xlsx - MBA Oceania,Sydney
NA,UQ Business School,Australia,2025 Global MBA & Business Masters.xlsx - MBA Oceania,Brisbane
NA,Queen's (Smith),Canada,2025 Global MBA & Business Masters.xlsx - MBA Canada,Kingston (ON)
NA,USC (Marshall),United States,2025 Global MBA & Business Masters.xlsx - MS_SChainManagement,Los Angeles (CA)
NA,"Macquarie Business School, Macquarie University",Australia,2025 Global MBA & Business Masters.xlsx - MBA Oceania,Sydney
NA,Columbia Business School,United States,2025 Global MBA & Business Masters.xlsx - MS_Marketing,New York (NY)
NA,SMU (Lee Kong Chian),Singapore,2025 Global MBA & Business Masters.xlsx - MBA Asia,Singapore
NA,University of Western Australia Business School,Australia,2025 Global MBA & Business Masters.xlsx - MBA Oceania,Perth
NA,Manchester (Alliance),United Kingdom,2025 Global MBA & Business Masters.xlsx - MS_SChainManagement,Manchester
NA,Imperial College Business School,United Kingdom,2025 Global MBA & Business Masters.xlsx - MS_Marketing,London
NA,Northwestern (Kellogg),United States,2025 Global MBA & Business Masters.xlsx - MBA United States,Evanston (IL)
NA,UC Berkeley (Haas),United States,2025 Global MBA & Business Masters.xlsx - MS_Finance,Berkeley (CA)
NA,Warwick Business School,United Kingdom,2025 Global MBA & Business Masters.xlsx - MS_Marketing,Coventry
NA,Yale School of Management,United States,2025 Global MBA & Business Masters.xlsx - MS_Management,New Haven (CT)
NA,Alberta School of Business,Canada,2025 Global MBA & Business Masters.xlsx - MBA Canada,Edmonton (AB)
NA,Duke (Fuqua),United States,2025 Global MBA & Business Masters.xlsx - MS_BsAnalytics,Durham (NC)
NA,Concordia (John Molson),Canada,2025 Global MBA & Business Masters.xlsx - MBA Canada,Montreal
NA,London School of Economics,United Kingdom,2025 Global MBA & Business Masters.xlsx - MS_Finance,London
NA,Chicago (Booth),United States,2025 Global MBA & Business Masters.xlsx - MBA United States,Chicago (IL)
NA,Washington (Foster),United States,2025 Global MBA & Business Masters.xlsx - MS_SChainManagement,Seattle (WA)
NA,NYU (Stern),United States,2025 Global MBA & Business Masters.xlsx - MBA United States,New York (NY)
NA,Carnegie Mellon (Tepper),United States,2025 Global MBA & Business Masters.xlsx - MS_BsAnalytics,Pittsburgh (PA)
NA,Texas (McCombs),United States,2025 Global MBA & Business Masters.xlsx - MS_BsAnalytics,Austin (TX)
NA,Cranfield School of Management,United Kingdom,2025 Global MBA & Business Masters.xlsx - MS_SChainManagement,Bedford
NA,Lancaster University Management School,United Kingdom,2025 Global MBA & Business Masters.xlsx - MS_SChainManagement,Lancaster
NA,Cornell (Johnson),United States,2025 Global MBA & Business Masters.xlsx - MBA United States,Ithaca (NY)
NA,Mitch Daniels School of Business (Purdue),United States,2025 Global MBA & Business Masters.xlsx - MS_SChainManagement,West Lafayette
NA,Boston (Questrom),United States,2025 Global MBA & Business Masters.xlsx - MBA United States,Boston (MA)
NA,University of Edinburgh Business School,United Kingdom,2025 Global MBA & Business Masters.xlsx - MS_Marketing,Edinburgh
NA,York (Schulich),Canada,2025 Global MBA & Business Masters.xlsx - MS_SChainManagement,Toronto
NA,Minnesota (Carlson),United States,2025 Global MBA & Business Masters.xlsx - MS_SChainManagement,Minneapolis (MN)
NA,Indiana (Kelley),United States,2025 Global MBA & Business Masters.xlsx - MBA United States,Bloomington (IN)
NA,Wisconsin School of Business,United States,2025 Global MBA & Business Masters.xlsx - MS_SChainManagement,Madison (WI)
NA,Georgia Tech (Scheller),United States,2025 Global MBA & Business Masters.xlsx - MBA United States,Atlanta (GA)
NA,Georgetown (McDonough),United States,2025 Global MBA & Business Masters.xlsx - MBA United States,"Washington, D.C"
NA,Dartmouth (Tuck),United States,2025 Global MBA & Business Masters.xlsx - MBA United States,Hanover (NH
NA,Emory (Goizueta),United States,2025 Global MBA & Business Masters.xlsx - MBA United States,Atlanta (GA)
NA,Florida (Warrington),United States,2025 Global MBA & Business Masters.xlsx - MBA United States,Gainesville (FL)
NA,SMU (School of Computing and Information Systems),Singapore,2025 Global MBA & Business Masters.xlsx - MS_BsAnalytics,Singapore
NA,Babson College (Olin),United States,2025 Global MBA & Business Masters.xlsx - MBA United States,Wellesley (MA)
NA,Virginia (Darden),United States,2025 Global MBA & Business Masters.xlsx - MBA United States,Charlottesville (VA)
NA,Arizona State (Carey),United States,2025 Global MBA & Business Masters.xlsx - MS_SChainManagement,Tempe (AZ)
NA,Texas A&M (Mays),United States,2025 Global MBA & Business Masters.xlsx - MBA United States,"College Station (TX),"
NA,Maryland (Smith),United States,2025 Global MBA & Business Masters.xlsx - MS_SChainManagement,College Park (MD)
NA,Michigan State (Eli Broad),United States,2025 Global MBA & Business Masters.xlsx - MS_Marketing,East Lansing (MI)
NA,Northeastern (D'AmoreMcKim),United States,2025 Global MBA & Business Masters.xlsx - MS_SChainManagement,Boston (MA)
NA,University of Technology Sydney Business School,Australia,2025 Global MBA & Business Masters.xlsx - MS_SChainManagement,Sydney
NA,John Hopkins (Carey),United States,2025 Global MBA & Business Masters.xlsx - MS_Marketing,Baltimore
NA,Penn State (Smeal),United States,2025 Global MBA & Business Masters.xlsx - MBA United States,University Park
NA,British Columbia (Sauder),Canada,2025 Global MBA & Business Masters.xlsx - MS_BsAnalytics,Newcastle upon Tyne
NA,Newcastle University Business School,United Kingdom,2025 Global MBA & Business Masters.xlsx - MS_SChainManagement,Newcastle upon Tyne
NA,Leeds University Business School,United Kingdom,2025 Global MBA & Business Masters.xlsx - MS_Finance,Leeds
NA,UT Dallas (Naveen),United States,2025 Global MBA & Business Masters.xlsx - MS_SChainManagement,Richardson
NA,Colorado Boulder (Leeds),United States,2025 Global MBA & Business Masters.xlsx - MS_SChainManagement,Boulder
NA,Georgia (Terry),United States,2025 Global MBA & Business Masters.xlsx - MS_Marketing,Athens
NA,Bayes Business School,United Kingdom,2025 Global MBA & Business Masters.xlsx - MS_SChainManagement,London
NA,Rice (Jones),United States,2025 Global MBA & Business Masters.xlsx - MBA United States,Houston (TX)
NA,North Carolina (Kenan-Flagler),United States,2025 Global MBA & Business Masters.xlsx - MBA United States,Chapel Hill (NC)
NA,HEC Montréal,Canada,2025 Global MBA & Business Masters.xlsx - MS_SChainManagement,Montreal
NA,UC San Diego (Rady),United States,2025 Global MBA & Business Masters.xlsx - MS_BsAnalytics,San Diego
NA,Durham University Business School,United Kingdom,2025 Global MBA & Business Masters.xlsx - MS_Marketing,Durham
NA,Rochester (Simon),United States,2025 Global MBA & Business Masters.xlsx - MBA United States,Rochester
NA,UC Davis,United States,2025 Global MBA & Business Masters.xlsx - MS_BsAnalytics,Davis
NA,Florida International University College of Business,United States,2025 Global MBA & Business Masters.xlsx - MS_Marketing,Miami
NA,Ohio State (Fisher),United States,2025 Global MBA & Business Masters.xlsx - MBA United States,Columbus
NA,Wollongong (Sydney),Australia,2025 Global MBA & Business Masters.xlsx - MS_SChainManagement,New York City
NA,Pace University (Lubin),United States,2025 Global MBA & Business Masters.xlsx - MS_Marketing,New York City
NA,George Washington,United States,2025 Global MBA & Business Masters.xlsx - MBA United States,"Washington, D.C."
NA,Bath School of Management,United Kingdom,2025 Global MBA & Business Masters.xlsx - MS_Marketing,Bath
NA,Vanderbilt (Owen),United States,2025 Global MBA & Business Masters.xlsx - MBA United States,Nashville
NA,San Diego (Knauss),United States,2025 Global MBA & Business Masters.xlsx - MS_SChainManagement,San Diego
NA,Alabama (Manderson),United States,2025 Global MBA & Business Masters.xlsx - MS_SChainManagement,Tuscaloosa
NA,Rensselaer Polytechnic (Lally),United States,2025 Global MBA & Business Masters.xlsx - MS_SChainManagement,Troy
NA,Miami (Herbert),United States,2025 Global MBA & Business Masters.xlsx - MS_BsAnalytics,Coral Gables
NA,Nottingham University Business School,United Kingdom,2025 Global MBA & Business Masters.xlsx - MS_SChainManagement,Nottingham
NA,Aston Business School,United Kingdom,2025 Global MBA & Business Masters.xlsx - MS_SChainManagement,Birmingham
NA,Birmingham Business School,United Kingdom,2025 Global MBA & Business Masters.xlsx - MS_Marketing,Birmingham
NA,Illinois (Gies),United States,2025 Global MBA & Business Masters.xlsx - MS_Finance,Champaign
NA,Washington (Olin),United States,2025 Global MBA & Business Masters.xlsx - MS_Finance,St. Louis
NA,American (Kogod),United States,2025 Global MBA & Business Masters.xlsx - MS_Finance,"Washington, D.C."
NA,Henley Business School,United Kingdom,2025 Global MBA & Business Masters.xlsx - MS_Finance,Reading
NA,Sheffield University Management School,United Kingdom,2025 Global MBA & Business Masters.xlsx - MS_Management,Sheffield
NA,Strathclyde Business School,United Kingdom,2025 Global MBA & Business Masters.xlsx - MS_Management,Glasgow
NA,Boston College (Carroll),United States,2025 Global MBA & Business Masters.xlsx - MS_Finance,Chestnut Hill
NA,Notre Dame (Mendoza),United States,2025 Global MBA & Business Masters.xlsx - MBA Global,Notre Dame (IN)
NA,North Carolina State (Jenkins),United States,2025 Global MBA & Business Masters.xlsx - MBA Global,Raleigh (NC)
NA,Oxford Brookes Business School,United Kingdom,2025 Global MBA & Business Masters.xlsx - MBA Global,oxford
NA,Arizona (Eller),United States,2025 Global MBA & Business Masters.xlsx - MBA Global,Tucson (AZ)
NA,Pittsburgh (Katz),United States,2025 Global MBA & Business Masters.xlsx - MBA Global,Pittsburg (PA)
NA,Rutgers Business School,United States,2025 Global MBA & Business Masters.xlsx - MBA Global,Newark
NA,Southampton Business School,United Kingdom,2025 Global MBA & Business Masters.xlsx - MBA Global,Southampton
NA,UC Irvine (Merage),United States,2025 Global MBA & Business Masters.xlsx - MBA Global,Irvine (CA)
NA,Auburn (Harbert),United States,2025 Global MBA & Business Masters.xlsx - MBA Global,Auburn (AL)
NA,Baylor (Hankamer),United States,2025 Global MBA & Business Masters.xlsx - MBA Global,Waco (TX)
NA,Brigham Young (Marriott),United States,2025 Global MBA & Business Masters.xlsx - MBA Global,Provo (UT)
NA,Brunel Business School,United Kingdom,2025 Global MBA & Business Masters.xlsx - MBA Global,London
NA,Colorado State University - College of Business,United States,2025 Global MBA & Business Masters.xlsx - MBA Global,Fort Collins (CO)
NA,Fordham (Gabelli),United States,2025 Global MBA & Business Masters.xlsx - MBA Global,New York (NY)
NA,Glasgow (Adam Smith),United Kingdom,2025 Global MBA & Business Masters.xlsx - MBA Global,Glasgow
NA,Kent Business School,United Kingdom,2025 Global MBA & Business Masters.xlsx - MBA Global,Canterbury
NA,Liverpool Management School,United Kingdom,2025 Global MBA & Business Masters.xlsx - MBA Global,Liverpool
NA,McMaster (DeGroote),Canada,2025 Global MBA & Business Masters.xlsx - MBA Global,Hamilton
NA,Missouri (Trulaske),United States,2025 Global MBA & Business Masters.xlsx - MBA Global,Columbia (MO)
NA,Oregon (Lundquist),United States,2025 Global MBA & Business Masters.xlsx - MBA Global,Eugene (OR)
NA,RMIT University School of Business and Law,Australia,2025 Global MBA & Business Masters.xlsx - MBA Global,Melbourne
NA,San Francisco (Masagung),United States,2025 Global MBA & Business Masters.xlsx - MBA Global,San Francisco (CA)
NA,SMU (Cox),United States,2025 Global MBA & Business Masters.xlsx - MBA Global,Dallas (TX
NA,Tampa (Sykes),United States,2025 Global MBA & Business Masters.xlsx - MBA Global,Tampa (FL)
NA,The University of Sussex Business School,United Kingdom,2025 Global MBA & Business Masters.xlsx - MBA Global,Brighton
NA,UniSA Business School,Australia,2025 Global MBA & Business Masters.xlsx - MBA Global,Adelaide
NA,University at Buffalo,United States,2025 Global MBA & Business Masters.xlsx - MBA Global,Buffalo (NY)
NA,Brandeis International Business School,United States,2025 Global MBA & Business Masters.xlsx - MBA Global,Waltham (MA)
NA,Case Western (Weatherhead),United States,2025 Global MBA & Business Masters.xlsx - MBA Global,Cleveland (OH)
NA,Cincinnati (Lindner),United States,2025 Global MBA & Business Masters.xlsx - MBA Global,Cincinnati (OH)
NA,Connecticut (UCONN),United States,2025 Global MBA & Business Masters.xlsx - MBA Global,Mansfield (CT)
NA,Dalhousie (Rowe),Canada,2025 Global MBA & Business Masters.xlsx - MBA Global,Halifax
NA,Deakin Business School,Australia,2025 Global MBA & Business Masters.xlsx - MBA Global,Melbourne
NA,Denver (Daniels),United States,2025 Global MBA & Business Masters.xlsx - MBA Global,Denver (CO)
NA,Edinburgh Napier University (The Business School),United Kingdom,2025 Global MBA & Business Masters.xlsx - MBA Global,Edinburgh
NA,Exeter Business School,United Kingdom,2025 Global MBA & Business Masters.xlsx - MBA Global,Exeter
NA,Fox School of Business,United States,2025 Global MBA & Business Masters.xlsx - MBA Global,Philadelphia
NA,Haskayne School of Business,Canada,2025 Global MBA & Business Masters.xlsx - MBA Global,Calgary
NA,Houston (Bauer),United States,2025 Global MBA & Business Masters.xlsx - MBA Global,Houston
NA,La Trobe Business School,Australia,2025 Global MBA & Business Masters.xlsx - MBA Global,Melbourne
NA,Loughborough School of Business and Economics,United Kingdom,2025 Global MBA & Business Masters.xlsx - MBA Global,Loughborough
NA,Ottawa (Telfer),Canada,2025 Global MBA & Business Masters.xlsx - MBA Global,Ottawa
NA,Pepperdine (Graziadio),United States,2025 Global MBA & Business Masters.xlsx - MBA Global,Malibu
NA,Queen's University of Belfast,United Kingdom,2025 Global MBA & Business Masters.xlsx - MBA Global,Belfast
NA,Simon Fraser (Beedie),Canada,2025 Global MBA & Business Masters.xlsx - MBA Global,Burnaby
NA,South Carolina (Moore),United States,2025 Global MBA & Business Masters.xlsx - MBA Global,Columbia
NA,Syracuse (Whitman),United States,2025 Global MBA & Business Masters.xlsx - MBA Global,Syracuse
NA,Texas Christian (Neely),United States,2025 Global MBA & Business Masters.xlsx - MBA Global,Fort Worth
NA,University of California (Riverside),United States,2025 Global MBA & Business Masters.xlsx - MBA Global,Riverside
NA,Utah (Eccles),United States,2025 Global MBA & Business Masters.xlsx - MBA Global,Salt Lake City
NA,Willamette (Atkinson),United States,2025 Global MBA & Business Masters.xlsx - MBA Global,Salem
NA,Albers (Seattle),United States,2025 Global MBA & Business Masters.xlsx - MBA Global,Seattle
NA,Arkansas (Walton),United States,2025 Global MBA & Business Masters.xlsx - MBA Global,Fayetteville
NA,Baruch College (Zicklin),United States,2025 Global MBA & Business Masters.xlsx - MBA Global,New York City
NA,Bentley (McCallum),United States,2025 Global MBA & Business Masters.xlsx - MBA Global,Waltham
NA,Brock (Goodman),Canada,2025 Global MBA & Business Masters.xlsx - MBA Global,St. Catharines
NA,California State Long Beach,United States,2025 Global MBA & Business Masters.xlsx - MBA Global,Long Beach
NA,Carleton (Sprott),Canada,2025 Global MBA & Business Masters.xlsx - MBA Global,Ottawa
NA,Chapman (Argyros),United States,2025 Global MBA & Business Masters.xlsx - MBA Global,Orange
NA,Claremont (Drucker),United States,2025 Global MBA & Business Masters.xlsx - MBA Global,Claremont
NA,Clark University School of Business,United States,2025 Global MBA & Business Masters.xlsx - MBA Global,Worcester
NA,Clemson University (Powers),United States,2025 Global MBA & Business Masters.xlsx - MBA Global,Clemson
NA,Curtin Business School,Australia,2025 Global MBA & Business Masters.xlsx - MBA Global,Perth
NA,Dominican University (Brennan),United States,2025 Global MBA & Business Masters.xlsx - MBA Global,River Forest
NA,Drexel (LeBow),United States,2025 Global MBA & Business Masters.xlsx - MBA Global,Philadelphia
NA,Fairfield (Dolan),United States,2025 Global MBA & Business Masters.xlsx - MBA Global,Fairfield
NA,Hofstra (Zarb),United States,2025 Global MBA & Business Masters.xlsx - MBA Global,Hempstead
NA,Iowa State University (Ivy),United States,2025 Global MBA & Business Masters.xlsx - MBA Global,Ames
NA,Kent State University (Crawford),United States,2025 Global MBA & Business Masters.xlsx - MBA Global,Kent
NA,Kentucky (Gatton),United States,2025 Global MBA & Business Masters.xlsx - MBA Global,Lexington
NA,Louisiana State University - Baton Rouge (Ourso),United States,2025 Global MBA & Business Masters.xlsx - MBA Global,Baton Rouge
NA,Manitoba (Asper),Canada,2025 Global MBA & Business Masters.xlsx - MBA Global,Winnipeg
NA,"North Carolina, Greensboro (Bryan)",United States,2025 Global MBA & Business Masters.xlsx - MBA Global,Greensboro
NA,Oregon State,United States,2025 Global MBA & Business Masters.xlsx - MBA Global,Corvallis
NA,RIT (Saunders),United States,2025 Global MBA & Business Masters.xlsx - MBA Global,Rochester
NA,Rowan University,United States,2025 Global MBA & Business Masters.xlsx - MBA Global,Glassboro
NA,Saint Louis University (Chaifetz),United States,2025 Global MBA & Business Masters.xlsx - MBA Global,St. Louis
NA,Saint Mary's (Sobey),Canada,2025 Global MBA & Business Masters.xlsx - MBA Global,Halifax
NA,Saskatchewan (Edwards),Canada,2025 Global MBA & Business Masters.xlsx - MBA Global,Saskatoon
NA,South Dakota (Beacom),United States,2025 Global MBA & Business Masters.xlsx - MBA Global,Vermillion
NA,Suffolk (Sawyer),United States,2025 Global MBA & Business Masters.xlsx - MBA Global,Boston
NA,Texas Tech (Rawls),United States,2025 Global MBA & Business Masters.xlsx - MBA Global,Lubbock
NA,TMU (Ted Rogers),Canada,2025 Global MBA & Business Masters.xlsx - MBA Global,Toronto
NA,University at Albany,United States,2025 Global MBA & Business Masters.xlsx - MBA Global,Albany
NA,University of Massachusetts (Dartmouth),United States,2025 Global MBA & Business Masters.xlsx - MBA Global,Dartmouth
NA,University of South Florida (Muma),United States,2025 Global MBA & Business Masters.xlsx - MBA Global,Tampa
NA,"University of Tennessee, Knoxville – Haslam College of Business",United States,2025 Global MBA & Business Masters.xlsx - MBA Global,Knoxville
NA,Victoria (Gustavson),Canada,2025 Global MBA & Business Masters.xlsx - MBA Global,Victoria
NA,Wilfrid Laurier (Lazaridis),Canada,2025 Global MBA & Business Masters.xlsx - MBA Global,Waterloo
NA,William & Mary (Mason),United States,2025 Global MBA & Business Masters.xlsx - MBA Global,Williamsburg
NA,Worcester Polytechnic Institute (Foisie),United States,2025 Global MBA & Business Masters.xlsx - MBA Global,Worcester
NA,Thunderbird School of Global Management at ASU,United States,2025 Global MBA & Business Masters.xlsx - MS_Management,Phoenix
NA,Manchester Metropolitan University Business School,United Kingdom,2025 Global MBA & Business Masters.xlsx - MS_Management,Manchester
NA,Georgia State (Robinson),United States,2025 Global MBA & Business Masters.xlsx - MS_Management,Atlanta
NA,Queen's Business School,United Kingdom,2025 Global MBA & Business Masters.xlsx - MS_Management,Belfast
NA,The University of Texas at Arlington,United States,2025 Global MBA & Business Masters.xlsx - MS_Management,Arlington
NA,University of Illinois at Chicago (UIC),United States,2025 Global MBA & Business Masters.xlsx - MS_Finance,Chicago
NA,Griffith Business School,Australia,2025 Global MBA & Business Masters.xlsx - MS_Finance,Southport
NA,IIT Stuart School of Business,United States,2025 Global MBA & Business Masters.xlsx - MS_Finance,Chicago
NA,Iowa (Tippie),United States,2025 Global MBA & Business Masters.xlsx - MS_Finance,Iowa City
NA,Loyola University of Chicago  (Quinlan),United States,2025 Global MBA & Business Masters.xlsx - MS_Finance,Chicago
NA,Tulsa (Collins),United States,2025 Global MBA & Business Masters.xlsx - MS_Finance,Tulsa
NA,UMass Boston,United States,2025 Global MBA & Business Masters.xlsx - MS_Finance,Boston
NA,West Texas A&M University,United States,2025 Global MBA & Business Masters.xlsx - MS_Finance,Canyon
NA,The State University of New Jersey,United States,2025 Global MBA & Business Masters.xlsx - MS_BsAnalytics,New Brunswick
NA,Cal Poly (Orfalea),United States,2025 Global MBA & Business Masters.xlsx - MS_BsAnalytics,San Luis Obispo
NA,Hult International Business School,United States,2025 Global MBA & Business Masters.xlsx - MS_BsAnalytics,Boston
NA,Oklahoma (Price),United States,2025 Global MBA & Business Masters.xlsx - MS_BsAnalytics,Norman
NA,University of Louisville,United States,2025 Global MBA & Business Masters.xlsx - MS_BsAnalytics,Louisville
NA,"Royal Veterinary College, University of London",United Kingdom,Veterinary Science,London
NA,King's College London,United Kingdom,Nursing,London
NA,Royal College of Art,United Kingdom,History of Art,London
NA,Royal College of Music,United Kingdom,Performing Arts,London
NA,UCL Institute of Education | University College London,United Kingdom,Education,London
NA,The Bartlett School of Architecture  | UCL,United Kingdom,Architecture / Built Environment,London
NA,The University of New South Wales (UNSW Sydney),Australia,Engineering - Mineral & Mining,Sydney
NA,University of the Arts London,United Kingdom,Art & Design,London
NA,Royal Academy of Music,United Kingdom,Music,London
NA,The London School of Economics and Political Science (LSE),United Kingdom,Philosophy,London
NA,"Nanyang Technological University, Singapore (NTU)",Singapore,Materials Science,Singapore
NA,Parsons School of Design at The New School,United States,Art & Design,New York City
NA,UCL,United Kingdom,Archaeology,London
NA,Rutgers University–New Brunswick,United States,Philosophy,New Brunswick
NA,Guildhall School of Music and Drama,United Kingdom,Music,London
NA,Rhode Island School of Design (RISD),United States,Art & Design,Providence
NA,University of Nevada - Las Vegas,United States,Hospitality & Leisure Management,Las Vegas
NA,The University of Adelaide,Australia,Petroleum Engineering,Adelaide
NA,The New School,United States,History of Art,New York City
NA,The Courtauld Institute of Art,United Kingdom,History of Art,London
NA,The University of Edinburgh,United Kingdom,Veterinary Science,Edinburgh
NA,Royal Northern College of Music (RNCM),United Kingdom,Music,Manchester
NA,Manchester School of Architecture,United Kingdom,Architecture / Built Environment,Manchester
NA,"University of California, San Francisco (UCSF)",United States,Dentistry,San Francisco
NA,Royal Conservatoire of Scotland (Formerly Royal Scottish Academy of Music and Drama),United Kingdom,Performing Arts,Glasgow
NA,Juilliard School,United States,Music,New York City
NA,The Australian National University,Australia,Philosophy,Canberra
NA,Curtis Institute of Music,United States,Music,Philadelphia
NA,School of the Art Institute of Chicago (SAIC),United States,Art & Design,Chicago
NA,Trinity Laban Conservatoire of Music and Dance,United Kingdom,Music,London
NA,University of Nottingham,United Kingdom,Pharmacy & Pharmacology,Nottingham
NA,Glasgow School of Art (GSA),United Kingdom,Art & Design,Glasgow
NA,Savannah College of Art and Design,United States,Art & Design,Savannah
NA,The Ohio State University,United States,Veterinary Science,Columbus
NA,University of Massachusetts Amherst,United States,Linguistics,Amherst
NA,Queen Mary University of London,United Kingdom,Dentistry,London
NA,Cornell University | School of Hotel Administration,United States,Hospitality & Leisure Management,Ithaca
NA,Camborne School of Mines | University of Exeter,United Kingdom,Engineering - Mineral & Mining,Penryn
NA,London School of Hygiene & Tropical Medicine,United Kingdom,Medicine,London
NA,The University of Arizona,United States,Library & Information Management,Tucson
NA,Queen's University at Kingston,Canada,Engineering - Mineral & Mining,Kingston
NA,School of Visual Arts (SVA),United States,Art & Design,New York City
NA,Blue Mountains IRN Hotel Management School (BMIHMS),Australia,Hospitality & Leisure Management,Leura
NA,University of Minnesota Twin Cities,United States,Engineering - Chemical,Minneapolis
NA,Université de Montréal,Canada,Veterinary Science,Montreal
NA,California Institute of the Arts,United States,Art & Design,Valencia
NA,Emily Carr University of Art and Design,Canada,Art & Design,Vancouver
NA,The University of Exeter,United Kingdom,Sports-related Subjects,Exeter
NA,"City, University of London",United Kingdom,Library & Information Management,London
NA,"The University of Tennessee, Knoxville",United States,Veterinary Science,Knoxville
NA,The University of Texas Southwestern Medical Center at Dallas,United States,Anatomy & Physiology,Dallas
NA,The University of Texas M. D. Anderson Cancer Center,United States,Medicine,Houston
NA,Virginia Polytechnic Institute and State University,United States,Agriculture & Forestry,Blacksburg
NA,The Scripps Research Institute (TSRI),United States,Biological Sciences,La Jolla
NA,"The University of Newcastle, Australia (UON)",Australia,Engineering & Technology,Newcastle
NA,Oregon Health & Science University (OHSU),United States,Life Sciences & Medicine,Portland
NA,Manchester Metropolitan University (MMU),United Kingdom,Arts & Humanities,Manchester
NA,University of Hawai?i at M?noa,United States,Arts & Humanities,Honolulu
NA,Queensland University of Technology (QUT),Australia,Arts & Humanities,Brisbane
NA,"Birkbeck, University of London",United Kingdom,Arts & Humanities,London
NA,University of South Australia,Australia,Arts & Humanities,Adelaide
NA,University of Victoria (UVic),Canada,Arts & Humanities,Victoria
NA,"Essex, University of",United Kingdom,Arts & Humanities,Colchester
NA,Université Laval,Canada,Arts & Humanities,Quebec City
NA,"Stony Brook University, State University of New York",United States,Arts & Humanities,Stony Brook
NA,The Open University,United Kingdom,Arts & Humanities,Milton Keynes
NA,Toronto Metropolitan University,Canada,Arts & Humanities,Toronto
NA,University of New England Australia,Australia,Arts & Humanities,Armidale
NA,Art Center College of Design,United States,Art & Design,Pasadena
NA,California College of the Arts,United States,Art & Design,San Francisco
NA,Cranbrook Academy of Art,United States,Art & Design,Bloomfield Hills
NA,Maryland Institute College of Art,United States,Art & Design,Baltimore
NA,Otis College of Art and Design,United States,Art & Design,Los Angeles
NA,University for the Creative Arts,United Kingdom,Art & Design,Epsom
NA,Falmouth College of Arts University College Falmouth,United Kingdom,Art & Design,Falmouth
NA,Lasalle College of the Arts,Singapore,Art & Design,Singapore
NA,OCAD University,Canada,Art & Design,Toronto
NA,Brunel University London,United Kingdom,Art & Design,London
NA,"Fashion Institute of Technology (FIT), SUNY",United States,Art & Design,New York City
NA,Amherst College,United States,English Language & Literature,Amherst
NA,Williams College,United States,English Language & Literature,Williamstown
NA,Architectural Association School of Architecture,United Kingdom,History of Art,London
NA,Central School of Speech & Drama,United Kingdom,Performing Arts,London
NA,"National Institute of Dramatic Art (NIDA), Sydney",Australia,Performing Arts,Sydney
NA,Purchase College SUNY,United States,Performing Arts,Purchase
NA,Rutgers University–Newark,United States,Philosophy,Newark
NA,Catholic University,United States,Philosophy,"Washington, D.C."
NA,CUNY The City College of New York,United States,Philosophy,New York City
NA,Santa Clara University,United States,"Theology, Divinity & Religious Studies",Santa Clara
NA,Cranfield University,United Kingdom,Engineering & Technology,Cranfield
NA,University of Texas Dallas,United States,Engineering & Technology,Richardson
NA,University of the West of England,United Kingdom,Computer Science & Information Systems,Bristol
NA,College of William and Mary,United States,Computer Science & Information Systems,Williamsburg
NA,Ulster University,United Kingdom,Computer Science & Information Systems,Derry
NA,The University of Alabama,United States,Computer Science & Information Systems,Tuscaloosa
NA,University of Massachusetts Boston,United States,Computer Science & Information Systems,Boston
NA,University of Akron,United States,Engineering - Chemical,Akron
NA,New Mexico Institute of Mining and Technology,United States,Engineering - Mineral & Mining,Socorro
NA,Robert Gordon University,United Kingdom,Petroleum Engineering,Aberdeen
NA,Baylor College of Medicine,United States,Life Sciences & Medicine,Houston
NA,Icahn School of Medicine at Mount Sinai,United States,Life Sciences & Medicine,New York City
NA,The University of Texas Health Science Center at Houston,United States,Life Sciences & Medicine,Houston
NA,Rockefeller University,United States,Life Sciences & Medicine,New York City
NA,Mayo Medical School,United States,Life Sciences & Medicine,Rochester
NA,University of Massachusetts Medical School - Worcester,United States,Life Sciences & Medicine,Worcester
NA,Medical College of Wisconsin,United States,Life Sciences & Medicine,Milwaukee
NA,"St. George's, University of London",United Kingdom,Life Sciences & Medicine,London
NA,Indiana University–Purdue University Indianapolis,United States,Life Sciences & Medicine,Indianapolis
NA,Thomas Jefferson University,United States,Life Sciences & Medicine,Philadelphia
NA,St. Louis University,United States,Life Sciences & Medicine,St. Louis
NA,Scottish Agricultural College (SAC),United Kingdom,Agriculture & Forestry,Aberdeen
NA,University of Maine,United States,Agriculture & Forestry,Orono
NA,Central Queensland University (CQUniversity Australia),Australia,Agriculture & Forestry,Rockhampton
NA,Montana State University - Bozeman,United States,Agriculture & Forestry,Bozeman
NA,Lakehead University,Canada,Agriculture & Forestry,Thunder Bay
NA,SUNY - College of Environemntal Science and Forestry,United States,Agriculture & Forestry,Syracuse
NA,Rush University,United States,Medicine,Chicago
NA,Anglia Ruskin University,United Kingdom,Medicine,Cambridge
NA,Hofstra University,United States,Medicine,Hempstead
NA,East Carolina University,United States,Medicine,Greenville
NA,University of Prince Edward Island,Canada,Veterinary Science,Charlottetown
NA,CUNY Bernard M Baruch College,United States,Business & Management Studies,New York City
NA,DePaul University,United States,Business & Management Studies,Chicago
NA,Wilfrid Laurier University,Canada,Business & Management Studies,Waterloo
NA,Pennsylvania State University | School of Hospitality Management,United States,Hospitality & Leisure Management,University Park
NA,Boston University | School of Hospitality Administration,United States,Hospitality & Leisure Management,Boston
NA,Johnson & Wales University,United States,Hospitality & Leisure Management,Providence
NA,SAIT Polytechnic - School of Hospitality and Tourism,Canada,Hospitality & Leisure Management,Calgary
NA,Asia Pacific Management Institute,Singapore,Hospitality & Leisure Management,Singapore
NA,Georgia State University | Cecil B. Day School of Hospitality Administration,United States,Hospitality & Leisure Management,Atlanta
NA,Simmons University,United States,Library & Information Management,Boston
